ticker,year,check_name,left_value,right_value,difference,allowed_error,status
BMP,2022,assets_equation,3044790000000.0,3044793000000.0,-3000000.0,30447930.000000004,pass
BMP,2022,net_sales,5808340000000.0,5808341119635.0,-1119635.0,58413188.80365001,pass
BMP,2022,gross_profit,1607660000000.0,1607660000000.0,0.0,100090200.00000001,pass
BMP,2022,profit_after_tax,694269000000.0,694268000000.0,1000000.0,10484160.0,pass
BMP,2022,net_cash_increase,185618000000.0,185618000000.0,0.0,14126640.000000002,pass
BMP,2022,ending_cash,358572000000.0,358572656349.0,-656349.0,5000000.0,pass
BMP,2022,cash_cross_statement,358572000000.0,358572000000.0,0.0,3585720.0000000005,pass
BMP,2023,assets_equation,3255000000000.0,3255002000000.0,-2000000.0,32550020.000000004,pass
BMP,2023,net_sales,5156980000000.0,5156981584531.0,-1584531.0,52428584.154690005,pass
BMP,2023,gross_profit,2116420000000.0,2116420000000.0,0.0,81975400.0,pass
BMP,2023,profit_after_tax,1041010000000.0,1041003000000.0,7000000.0,15733570.000000002,pass
BMP,2023,net_cash_increase,462829000000.0,462830000000.0,-1000000.0,27428500.000000004,pass
BMP,2023,ending_cash,821414000000.0,821414249217.0,-249217.0,8214142.49217,pass
BMP,2023,cash_cross_statement,821414000000.0,821414000000.0,0.0,8214140.000000001,pass
BMP,2024,assets_equation,3200490000000.0,3200496000000.0,-6000000.0,32004960.000000004,pass
BMP,2024,net_sales,4615680000000.0,4615679241794.0,758206.0,47415607.58206,pass
BMP,2024,gross_profit,1988630000000.0,1988630000000.0,0.0,72427300.0,pass
BMP,2024,profit_after_tax,990762000000.0,990759000000.0,3000000.0,14903010.000000002,pass
BMP,2024,net_cash_increase,-317267000000.0,-317267000000.0,0.0,21183770.0,pass
BMP,2024,ending_cash,504173000000.0,504172002162.0,997838.0,11387060.021620002,pass
BMP,2024,cash_cross_statement,504173000000.0,504173000000.0,0.0,5041730.0,pass
BMP,2025,assets_equation,3378830000000.0,3378836000000.0,-6000000.0,33788360.0,pass
BMP,2025,net_sales,5509580000000.0,5509576157059.0,3842941.0,56940038.42941,pass
BMP,2025,gross_profit,2539560000000.0,2539570000000.0,-10000000.0,84795900.0,pass
BMP,2025,profit_after_tax,1228740000000.0,1228737000000.0,3000000.0,18491030.0,pass
BMP,2025,net_cash_increase,-206815000000.0,-206817000000.0,2000000.0,26445970.000000004,pass
BMP,2025,ending_cash,297408000000.0,297408054444.0,-54444.0,7110380.54444,pass
BMP,2025,cash_cross_statement,297408000000.0,297408000000.0,0.0,2974080.0000000005,pass
CTD,2022,assets_equation,18967100000000.0,18967060000000.0,40000000.0,189671000.00000003,pass
CTD,2022,net_sales,14536900000000.0,14536960395774.0,-60395774.0,145404396.04226002,pass
CTD,2022,gross_profit,486734000000.0,486700000000.0,34000000.0,285871000.0,pass
CTD,2022,profit_after_tax,20791833411.0,20791833411.0,0.0,2000000.0,pass
CTD,2022,net_cash_increase,179740000000.0,179737000000.0,3000000.0,34339170.0,pass
CTD,2022,ending_cash,1064440000000.0,1064439835914.0,164086.0,10644601.64086,pass
CTD,2022,cash_cross_statement,1064440000000.0,1064440000000.0,0.0,10644400.0,pass
CTD,2023,assets_equation,21651900000000.0,21651930000000.0,-30000000.0,216519300.00000003,pass
CTD,2023,net_sales,16528200000000.0,16528171401456.0,28598544.0,165316285.98544002,pass
CTD,2023,gross_profit,425978000000.0,426000000000.0,-22000000.0,326304000.0,pass
CTD,2023,profit_after_tax,187922000000.0,187922746135.0,-746135.0,3006152.5386500005,pass
CTD,2023,net_cash_increase,1777690000000.0,1777695027337.0,-5027337.0,17776950.27337,pass
CTD,2023,ending_cash,2842180000000.0,2842176882670.0,3117330.0,28421800.000000004,pass
CTD,2023,cash_cross_statement,2842180000000.0,2842180000000.0,0.0,28421800.000000004,pass
CTD,2024,assets_equation,27076900000000.0,27076870000000.0,30000000.0,270769000.0,pass
CTD,2024,net_sales,22905800000000.0,22905815609607.0,-15609607.0,229059843.90393,pass
CTD,2024,gross_profit,845726000000.0,845700000000.0,26000000.0,449659000.00000006,pass
CTD,2024,profit_after_tax,371405000000.0,371404990604.0,9396.0,5553850.09396,pass
CTD,2024,net_cash_increase,-363512000000.0,-363507000000.0,-5000000.0,29495870.000000004,pass
CTD,2024,ending_cash,2478610000000.0,2478608100715.0,1899285.0,32057518.992850002,pass
CTD,2024,cash_cross_statement,2478610000000.0,2478610000000.0,0.0,24786100.000000004,pass
CTD,2025,assets_equation,34442200000000.0,34442240000000.0,-40000000.0,344422400.0,pass
CTD,2025,net_sales,30699000000000.0,30699046104485.0,-46104485.0,306991538.95515,pass
CTD,2025,gross_profit,1105360000000.0,1105300000000.0,60000000.0,602927000.0,pass
CTD,2025,profit_after_tax,781347000000.0,781347000000.0,0.0,11409070.000000002,pass
CTD,2025,net_cash_increase,-632175000000.0,-632172000000.0,-3000000.0,54220320.00000001,pass
CTD,2025,ending_cash,1846990000000.0,1846995044141.0,-5044141.0,31113450.44141,pass
CTD,2025,cash_cross_statement,1846990000000.0,1846990000000.0,0.0,18469900.0,pass
DGC,2022,assets_equation,13405200000000.0,13405230000000.0,-30000000.0,134052300.00000001,pass
DGC,2022,net_sales,14444100000000.0,14444115056175.0,-15056175.0,144458849.43825,pass
DGC,2022,gross_profit,6750350000000.0,6750340000000.0,10000000.0,221378600.00000003,pass
DGC,2022,profit_after_tax,6036980000000.0,6036985000000.0,-5000000.0,67145150.0,pass
DGC,2022,net_cash_increase,1411920000000.0,1411926000000.0,-6000000.0,104615940.00000001,pass
DGC,2022,ending_cash,1535470000000.0,1535472041562.0,-2041562.0,15362839.58438,pass
DGC,2022,cash_cross_statement,1535470000000.0,1535470000000.0,0.0,15354700.000000002,pass
DGC,2023,assets_equation,15600500000000.0,15600480000000.0,20000000.0,156005000.0,pass
DGC,2023,net_sales,9748010000000.0,9748016907715.0,-6907715.0,97741030.92285001,pass
DGC,2023,gross_profit,3437060000000.0,3437060000000.0,0.0,160589600.0,pass
DGC,2023,profit_after_tax,3252060000000.0,3252059000000.0,1000000.0,37387010.0,pass
DGC,2023,net_cash_increase,-474901000000.0,-474891000000.0,-10000000.0,60426710.00000001,pass
DGC,2023,ending_cash,1060570000000.0,1060569767321.0,232679.0,20103717.673210002,pass
DGC,2023,cash_cross_statement,1060570000000.0,1060570000000.0,0.0,10605700.0,pass
DGC,2024,assets_equation,15821300000000.0,15821240000000.0,60000000.0,158213000.0,pass
DGC,2024,net_sales,9864970000000.0,9864974330262.0,-4330262.0,98763456.69738,pass
DGC,2024,gross_profit,3449490000000.0,3449490000000.0,0.0,162804500.0,pass
DGC,2024,profit_after_tax,3107400000000.0,3107406000000.0,-6000000.0,36931540.0,pass
DGC,2024,net_cash_increase,-945047000000.0,-945050000000.0,3000000.0,71839900.0,pass
DGC,2024,ending_cash,115782000000.0,115776588362.0,5411638.0,20058705.88362,pass
DGC,2024,cash_cross_statement,115782000000.0,115782000000.0,0.0,1157820.0,pass
DGC,2025,assets_equation,19538100000000.0,19538110000000.0,-10000000.0,195381100.00000003,pass
DGC,2025,net_sales,11262400000000.0,11262345163015.0,54836985.0,112716548.36985001,pass
DGC,2025,gross_profit,3522260000000.0,3522280000000.0,-20000000.0,190025200.00000003,pass
DGC,2025,profit_after_tax,3153760000000.0,3153759000000.0,1000000.0,39809810.0,pass
DGC,2025,net_cash_increase,927173000000.0,927171000000.0,2000000.0,40670910.0,pass
DGC,2025,ending_cash,1040520000000.0,1040519691182.0,308818.0,10453903.08818,pass
DGC,2025,cash_cross_statement,1040520000000.0,1040520000000.0,0.0,10405200.0,pass
DHG,2022,assets_equation,5168190000000.0,5168190000000.0,0.0,51681900.00000001,pass
DHG,2022,net_sales,4676020000000.0,4676016000000.0,4000000.0,56874640.00000001,pass
DHG,2022,gross_profit,2257490000000.0,2257500000000.0,-10000000.0,70945400.0,pass
DHG,2022,profit_after_tax,988455000000.0,988451000000.0,4000000.0,12107690.000000002,pass
DHG,2022,net_cash_increase,-2723562595.0,-2723000000.0,-562595.0,18052930.0,pass
DHG,2022,ending_cash,34017813791.0,34017813791.0,0.0,5000000.0,pass
DHG,2022,cash_cross_statement,34017813791.0,34017813791.0,0.0,1000000.0,pass
DHG,2023,assets_equation,6110470000000.0,6110470000000.0,0.0,61104700.00000001,pass
DHG,2023,net_sales,5015400000000.0,5015391000000.0,9000000.0,65200690.00000001,pass
DHG,2023,gross_profit,2343550000000.0,2343550000000.0,0.0,76872500.0,pass
DHG,2023,profit_after_tax,1050660000000.0,1050658000000.0,2000000.0,12676820.000000002,pass
DHG,2023,net_cash_increase,60181953062.0,60181889986.0,63076.0,5000000.0,pass
DHG,2023,ending_cash,94134026358.0,94134026358.0,0.0,5000000.0,pass
DHG,2023,cash_cross_statement,94134026358.0,94134026358.0,0.0,1000000.0,pass
DHG,2024,assets_equation,5959240000000.0,5959250000000.0,-10000000.0,59592500.00000001,pass
DHG,2024,net_sales,4884870000000.0,4884865000000.0,5000000.0,65439750.00000001,pass
DHG,2024,gross_profit,2137770000000.0,2137770000000.0,0.0,76319700.0,pass
DHG,2024,profit_after_tax,775986000000.0,775986000000.0,0.0,10329840.0,pass
DHG,2024,net_cash_increase,-31213952742.0,-31217000000.0,3047258.0,26663770.000000004,pass
DHG,2024,ending_cash,62857547612.0,62857547612.0,0.0,5000000.0,pass
DHG,2024,cash_cross_statement,62857547612.0,62857547612.0,0.0,1000000.0,pass
DHG,2025,assets_equation,5173880000000.0,5173890000000.0,-10000000.0,51738900.00000001,pass
DHG,2025,net_sales,5266960000000.0,5266967000000.0,-7000000.0,70068530.0,pass
DHG,2025,gross_profit,2506370000000.0,2506370000000.0,0.0,80275500.0,pass
DHG,2025,profit_after_tax,852354000000.0,852354000000.0,0.0,11208440.0,pass
DHG,2025,net_cash_increase,67324327943.0,67331000000.0,-6672057.0,39820710.0,pass
DHG,2025,ending_cash,129896000000.0,129895664996.0,335004.0,5000000.0,pass
DHG,2025,cash_cross_statement,129896000000.0,129896000000.0,0.0,1298960.0,pass
DXG,2022,assets_equation,30320700000000.0,30320600000000.0,100000000.0,303207000.0,pass
DXG,2022,net_sales,5511720000000.0,5511717189731.0,2810269.0,55999228.102690004,pass
DXG,2022,gross_profit,2970030000000.0,2970030000000.0,0.0,80534100.0,pass
DXG,2022,profit_after_tax,533707000000.0,533707000000.0,0.0,10019290.0,pass
DXG,2022,net_cash_increase,-1818700000000.0,-1818692000000.0,-8000000.0,59893280.00000001,pass
DXG,2022,ending_cash,918979000000.0,918980000000.0,-1000000.0,45563800.00000001,pass
DXG,2022,cash_cross_statement,918979000000.0,918979000000.0,0.0,9189790.0,pass
DXG,2023,assets_equation,28786400000000.0,28786500000000.0,-100000000.0,287865000.0,pass
DXG,2023,net_sales,3724830000000.0,3724830000000.0,0.0,37248300.0,pass
DXG,2023,gross_profit,1710380000000.0,1710390000000.0,-10000000.0,57392700.00000001,pass
DXG,2023,profit_after_tax,150240000000.0,150240000000.0,0.0,7560660.000000001,pass
DXG,2023,net_cash_increase,-642910000000.0,-642909605712.0,-394288.0,11797696.057120001,pass
DXG,2023,ending_cash,276069000000.0,276069000000.0,0.0,15618890.000000002,pass
DXG,2023,cash_cross_statement,276069000000.0,276069000000.0,0.0,2760690.0,pass
DXG,2024,assets_equation,29183400000000.0,29183400000000.0,0.0,291834000.0,pass
DXG,2024,net_sales,4795470000000.0,4795470000000.0,0.0,47954700.00000001,pass
DXG,2024,gross_profit,2305650000000.0,2305650000000.0,0.0,72852900.0,pass
DXG,2024,profit_after_tax,453428000000.0,453428000000.0,0.0,10070640.0,pass
DXG,2024,net_cash_increase,973011000000.0,973012000000.0,-1000000.0,39784880.0,pass
DXG,2024,ending_cash,1249080000000.0,1249080000000.0,0.0,12490800.000000002,pass
DXG,2024,cash_cross_statement,1249080000000.0,1249080000000.0,0.0,12490800.000000002,pass
DXG,2025,assets_equation,38014600000000.0,38014600000000.0,0.0,380146000.00000006,pass
DXG,2025,net_sales,4191890000000.0,4191881000000.0,9000000.0,47881590.00000001,pass
DXG,2025,gross_profit,2288540000000.0,2288540000000.0,0.0,60952400.00000001,pass
DXG,2025,profit_after_tax,594823000000.0,594823000000.0,0.0,8539930.0,pass
DXG,2025,net_cash_increase,2142010000000.0,2142010000000.0,0.0,42668100.0,pass
DXG,2025,ending_cash,3391090000000.0,3391090000000.0,0.0,33910900.0,pass
DXG,2025,cash_cross_statement,3391090000000.0,3391090000000.0,0.0,33910900.0,pass
FPT,2022,assets_equation,51650400000000.0,51650400000000.0,0.0,516504000.00000006,pass
FPT,2022,net_sales,44009500000000.0,44009516799636.0,-16799636.0,440364832.00364006,pass
FPT,2022,gross_profit,17167300000000.0,17167300000000.0,0.0,708517000.0,pass
FPT,2022,profit_after_tax,6491340000000.0,6491340000000.0,0.0,88332200.0,pass
FPT,2022,net_cash_increase,1037760000000.0,1037750000000.0,10000000.0,205843700.00000003,pass
FPT,2022,ending_cash,6440180000000.0,6440186403378.0,-6403378.0,64710335.96622001,pass
FPT,2022,cash_cross_statement,6440180000000.0,6440180000000.0,0.0,64401800.00000001,pass
FPT,2023,assets_equation,60282800000000.0,60282800000000.0,0.0,602828000.0,pass
FPT,2023,net_sales,52617900000000.0,52617925966052.0,-25966052.0,526324740.33948004,pass
FPT,2023,gross_profit,20319600000000.0,20319600000000.0,0.0,849162000.0000001,pass
FPT,2023,profit_after_tax,7788050000000.0,7788050000000.0,0.0,106179700.00000001,pass
FPT,2023,net_cash_increase,1800340000000.0,1800350000000.0,-10000000.0,172338500.0,pass
FPT,2023,ending_cash,8279160000000.0,8279161914900.0,-1914900.0,82791619.149,pass
FPT,2023,cash_cross_statement,8279160000000.0,8279160000000.0,0.0,82791600.0,pass
FPT,2024,assets_equation,72000000000000.0,72000000000000.0,0.0,720000000.0,pass
FPT,2024,net_sales,62848800000000.0,62848842000000.0,-42000000.0,630765580.0,pass
FPT,2024,gross_profit,23698300000000.0,23698400000000.0,-100000000.0,1019992000.0000001,pass
FPT,2024,profit_after_tax,9427420000000.0,9427460000000.0,-40000000.0,127119400.00000001,pass
FPT,2024,net_cash_increase,1044200000000.0,1044220000000.0,-20000000.0,223633800.00000003,pass
FPT,2024,ending_cash,9315440000000.0,9315444865730.0,-4865730.0,93312751.3427,pass
FPT,2024,cash_cross_statement,9315440000000.0,9315440000000.0,0.0,93154400.00000001,pass
FPT,2025,assets_equation,88142000000000.0,88142000000000.0,0.0,881420000.0000001,pass
FPT,2025,net_sales,70112800000000.0,70112836156157.0,-36156157.0,703025638.4384301,pass
FPT,2025,gross_profit,25888500000000.0,25888500000000.0,0.0,1143371000.0,pass
FPT,2025,profit_after_tax,11232300000000.0,11232310000000.0,-10000000.0,148548900.0,pass
FPT,2025,net_cash_increase,1312620000000.0,1312620000000.0,0.0,245620200.00000003,pass
FPT,2025,ending_cash,10522100000000.0,10522102000000.0,-2000000.0,107340180.00000001,pass
FPT,2025,cash_cross_statement,10522100000000.0,10522100000000.0,0.0,105221000.00000001,pass
GAS,2022,assets_equation,82662700000000.0,82662700000000.0,0.0,826627000.0000001,pass
GAS,2022,net_sales,100724000000000.0,100724000000000.0,0.0,1007240000.0000001,pass
GAS,2022,gross_profit,21314500000000.0,21315000000000.0,-500000000.0,1801330000.0000002,pass
GAS,2022,profit_after_tax,15066400000000.0,15066420000000.0,-20000000.0,225461800.00000003,pass
GAS,2022,net_cash_increase,5247850000000.0,5247880000000.0,-30000000.0,208664000.00000003,pass
GAS,2022,ending_cash,10549300000000.0,10549338095442.0,-38095442.0,105493380.95442002,pass
GAS,2022,cash_cross_statement,10549300000000.0,10549300000000.0,0.0,105493000.00000001,pass
GAS,2023,assets_equation,87754500000000.0,87754400000000.0,100000000.0,877545000.0000001,pass
GAS,2023,net_sales,89953900000000.0,89953869610783.0,30389217.0,900743303.8921701,pass
GAS,2023,gross_profit,16924900000000.0,16924900000000.0,0.0,1629829000.0000002,pass
GAS,2023,profit_after_tax,11793100000000.0,11793050000000.0,50000000.0,174859500.0,pass
GAS,2023,net_cash_increase,-4884960000000.0,-4885010000000.0,50000000.0,325390100.0,pass
GAS,2023,ending_cash,5668900000000.0,5668859948714.0,40051286.0,154387799.48714,pass
GAS,2023,cash_cross_statement,5668900000000.0,5668900000000.0,0.0,56689000.00000001,pass
GAS,2024,assets_equation,81854900000000.0,81854900000000.0,0.0,818549000.0000001,pass
GAS,2024,net_sales,103564000000000.0,103564511635641.0,-511635641.0,1036434883.6435901,pass
GAS,2024,gross_profit,17654400000000.0,17654200000000.0,200000000.0,1894738000.0000002,pass
GAS,2024,profit_after_tax,10590100000000.0,10590110000000.0,-10000000.0,157540900.0,pass
GAS,2024,net_cash_increase,-108908000000.0,-108880000000.0,-28000000.0,331159200.0,pass
GAS,2024,ending_cash,5567980000000.0,5567987989161.0,-7989161.0,57858039.891610004,pass
GAS,2024,cash_cross_statement,5567980000000.0,5567980000000.0,0.0,55679800.00000001,pass
GAS,2025,assets_equation,93568200000000.0,93568200000000.0,0.0,935682000.0000001,pass
GAS,2025,net_sales,135129000000000.0,135129506419032.0,-506419032.0,1352644935.8096802,pass
GAS,2025,gross_profit,17050600000000.0,17050000000000.0,600000000.0,2532080000.0,pass
GAS,2025,profit_after_tax,11571600000000.0,11571600000000.0,0.0,171472000.0,pass
GAS,2025,net_cash_increase,1307080000000.0,1307040000000.0,40000000.0,247733600.00000003,pass
GAS,2025,ending_cash,6876470000000.0,6876468246718.0,1753282.0,68764700.0,pass
GAS,2025,cash_cross_statement,6876470000000.0,6876470000000.0,0.0,68764700.0,pass
HBC,2022,assets_equation,18313900000000.0,18313870000000.0,30000000.0,183139000.00000003,pass
HBC,2022,net_sales,14149000000000.0,14148953542458.0,46457542.0,141592464.57542002,pass
HBC,2022,gross_profit,441605000000.0,441600000000.0,5000000.0,278564000.0,pass
HBC,2022,profit_after_tax,-2609790000000.0,-2609784000000.0,-6000000.0,26097900.000000004,pass
HBC,2022,net_cash_increase,-238122000000.0,-238119000000.0,-3000000.0,26340590.000000004,pass
HBC,2022,ending_cash,496253000000.0,496253020951.0,-20951.0,9724970.20951,pass
HBC,2022,cash_cross_statement,496253000000.0,496253000000.0,0.0,4962530.0,pass
HBC,2023,assets_equation,15249900000000.0,15249880988230.0,19011770.0,152499000.0,pass
HBC,2023,net_sales,7537100000000.0,7537092166805.0,7833195.0,75473278.33195001,pass
HBC,2023,gross_profit,244087000000.0,244090000000.0,-3000000.0,148301100.0,pass
HBC,2023,profit_after_tax,-1115340000000.0,-1115340730042.0,730042.0,11153407.300420001,pass
HBC,2023,net_cash_increase,-107724000000.0,-107725000000.0,1000000.0,26836950.000000004,pass
HBC,2023,ending_cash,388531000000.0,388531787106.0,-787106.0,6039797.871060001,pass
HBC,2023,cash_cross_statement,388531000000.0,388531000000.0,0.0,3885310.0000000005,pass
HBC,2024,assets_equation,15411800000000.0,15411800000000.0,0.0,154118000.0,pass
HBC,2024,net_sales,6420840000000.0,6420844173683.0,-4173683.0,64295558.263170004,pass
HBC,2024,gross_profit,357555000000.0,357550000000.0,5000000.0,124841300.00000001,pass
HBC,2024,profit_after_tax,962962000000.0,962960959590.0,1040410.0,10557390.4041,pass
HBC,2024,net_cash_increase,-120376000000.0,-120375420223.0,-579777.0,7773025.797770001,pass
HBC,2024,ending_cash,268157000000.0,268157333363.0,-333363.0,5089093.33363,pass
HBC,2024,cash_cross_statement,268157000000.0,268157000000.0,0.0,2681570.0,pass
HBC,2025,assets_equation,16101700000000.0,16101680000000.0,20000000.0,161017000.0,pass
HBC,2025,net_sales,4620280000000.0,4620284257153.0,-4257153.0,46337157.42847,pass
HBC,2025,gross_profit,304265000000.0,304260000000.0,5000000.0,89363000.0,pass
HBC,2025,profit_after_tax,250944000000.0,250944251815.0,-251815.0,2905777.48185,pass
HBC,2025,net_cash_increase,78942073857.0,78939000000.0,3073857.0,21229210.0,pass
HBC,2025,ending_cash,347026000000.0,347025157468.0,842532.0,5000000.0,pass
HBC,2025,cash_cross_statement,347026000000.0,347026000000.0,0.0,3470260.0000000005,pass
HPG,2022,assets_equation,170336000000000.0,170335500000000.0,500000000.0,1703360000.0000002,pass
HPG,2022,net_sales,141409000000000.0,141409460000000.0,-460000000.0,1441325400.0,pass
HPG,2022,gross_profit,16763400000000.0,16763000000000.0,400000000.0,2660550000.0,pass
HPG,2022,profit_after_tax,8444430000000.0,8444430000000.0,0.0,114014500.00000001,pass
HPG,2022,net_cash_increase,-14126600000000.0,-14126590000000.0,-10000000.0,386817900.00000006,pass
HPG,2022,ending_cash,8324590000000.0,8324579120833.0,10879167.0,366182208.79167,pass
HPG,2022,cash_cross_statement,8324590000000.0,8324590000000.0,0.0,83245900.0,pass
HPG,2023,assets_equation,187783000000000.0,187782200000000.0,800000000.0,1877830000.0000002,pass
HPG,2023,net_sales,118953000000000.0,118952800000000.0,200000000.0,1217572000.0,pass
HPG,2023,gross_profit,12937800000000.0,12938000000000.0,-200000000.0,2249680000.0,pass
HPG,2023,profit_after_tax,6800390000000.0,6800390000000.0,0.0,87850700.0,pass
HPG,2023,net_cash_increase,3923550000000.0,3923540000000.0,10000000.0,279137400.0,pass
HPG,2023,ending_cash,12252000000000.0,12251998645126.0,1354874.0,122520000.00000001,pass
HPG,2023,cash_cross_statement,12252000000000.0,12252000000000.0,0.0,122520000.00000001,pass
HPG,2024,assets_equation,224490000000000.0,224489000000000.0,1000000000.0,2244900000.0,pass
HPG,2024,net_sales,138855000000000.0,138854720000000.0,280000000.0,1422672800.0,pass
HPG,2024,gross_profit,18497500000000.0,18497000000000.0,500000000.0,2592130000.0,pass
HPG,2024,profit_after_tax,12020000000000.0,12020020000000.0,-20000000.0,153669800.0,pass
HPG,2024,net_cash_increase,-5365120000000.0,-5365080000000.0,-40000000.0,542111200.0,pass
HPG,2024,ending_cash,6887650000000.0,6887644989257.0,5010743.0,176178849.89257002,pass
HPG,2024,cash_cross_statement,6887650000000.0,6887650000000.0,0.0,68876500.0,pass
HPG,2025,assets_equation,257899000000000.0,257899000000000.0,0.0,2578990000.0,pass
HPG,2025,net_sales,156116000000000.0,156115780000000.0,220000000.0,1605482200.0000002,pass
HPG,2025,gross_profit,24497800000000.0,24498000000000.0,-200000000.0,2877340000.0,pass
HPG,2025,profit_after_tax,15514900000000.0,15514940000000.0,-40000000.0,205662600.00000003,pass
HPG,2025,net_cash_increase,1413400000000.0,1413430000000.0,-30000000.0,530422300.00000006,pass
HPG,2025,ending_cash,8300890000000.0,8300895131969.0,-5131969.0,83012048.68031001,pass
HPG,2025,cash_cross_statement,8300890000000.0,8300890000000.0,0.0,83008900.0,pass
HVN,2022,assets_equation,60636200000000.0,60636200000000.0,0.0,827474000.0000001,pass
HVN,2022,net_sales,70410200000000.0,70410197000000.0,3000000.0,711754030.0,pass
HVN,2022,gross_profit,-2876010000000.0,-2876000000000.0,-10000000.0,1436964000.0,pass
HVN,2022,profit_after_tax,-11223000000000.0,-11223031000000.0,31000000.0,112230310.00000001,pass
HVN,2022,net_cash_increase,745568000000.0,745570000000.0,-2000000.0,159534900.0,pass
HVN,2022,ending_cash,2490280000000.0,2490279425140.0,574860.0,24902800.000000004,pass
HVN,2022,cash_cross_statement,2490280000000.0,2490280000000.0,0.0,24902800.000000004,pass
HVN,2023,assets_equation,57716900000000.0,57717000000000.0,-100000000.0,917688000.0000001,pass
HVN,2023,net_sales,91539900000000.0,91539855000000.0,45000000.0,929225450.0000001,pass
HVN,2023,gross_profit,3885440000000.0,3885500000000.0,-60000000.0,1791943000.0000002,pass
HVN,2023,profit_after_tax,-5631750000000.0,-5631749000000.0,-1000000.0,56317500.00000001,pass
HVN,2023,net_cash_increase,57630916314.0,57634000000.0,-3083686.0,32839340.000000004,pass
HVN,2023,ending_cash,2551040000000.0,2551045563572.0,-5563572.0,25510455.635720003,pass
HVN,2023,cash_cross_statement,2551040000000.0,2551040000000.0,0.0,25510400.000000004,pass
HVN,2024,assets_equation,58186600000000.0,58186660000000.0,-60000000.0,768751400.0000001,pass
HVN,2024,net_sales,106696000000000.0,106696079000000.0,-79000000.0,1071279210.0000001,pass
HVN,2024,gross_profit,14656300000000.0,14656400000000.0,-100000000.0,1987356000.0000002,pass
HVN,2024,profit_after_tax,7957560000000.0,7957560000000.0,0.0,88737200.0,pass
HVN,2024,net_cash_increase,2081550000000.0,2081544000000.0,6000000.0,172995040.0,pass
HVN,2024,ending_cash,4626740000000.0,4626738312272.0,1687728.0,46384416.877280004,pass
HVN,2024,cash_cross_statement,4626740000000.0,4626740000000.0,0.0,46267400.00000001,pass
HVN,2025,assets_equation,73174900000000.0,73174860000000.0,40000000.0,731749000.0000001,pass
HVN,2025,net_sales,121207000000000.0,121206658000000.0,342000000.0,1216173420.0,pass
HVN,2025,gross_profit,17896700000000.0,17897000000000.0,-300000000.0,2245170000.0,pass
HVN,2025,profit_after_tax,7607320000000.0,7607319000000.0,1000000.0,87291210.0,pass
HVN,2025,net_cash_increase,5267700000000.0,5267650000000.0,50000000.0,216377100.00000003,pass
HVN,2025,ending_cash,9895760000000.0,9895763346208.0,-3346208.0,98957633.46208,pass
HVN,2025,cash_cross_statement,9895760000000.0,9895760000000.0,0.0,98957600.00000001,pass
KBC,2022,assets_equation,34906500000000.0,34906500000000.0,0.0,349065000.0,pass
KBC,2022,net_sales,950266000000.0,950270000000.0,-4000000.0,18446900.0,pass
KBC,2022,gross_profit,265751000000.0,265751000000.0,0.0,16347810.000000002,pass
KBC,2022,profit_after_tax,1576530000000.0,1576534000000.0,-4000000.0,18166460.0,pass
KBC,2022,net_cash_increase,-879329000000.0,-879330000000.0,1000000.0,26022400.000000004,pass
KBC,2022,ending_cash,1683150000000.0,1683151000000.0,-1000000.0,34418090.0,pass
KBC,2022,cash_cross_statement,1683150000000.0,1683150000000.0,0.0,16831500.0,pass
KBC,2023,assets_equation,33434200000000.0,33434200000000.0,0.0,334342000.0,pass
KBC,2023,net_sales,5618480000000.0,5618473000000.0,7000000.0,60990670.00000001,pass
KBC,2023,gross_profit,3695390000000.0,3695400000000.0,-10000000.0,75415600.0,pass
KBC,2023,profit_after_tax,2245000000000.0,2245004000000.0,-4000000.0,35373160.0,pass
KBC,2023,net_cash_increase,-841845000000.0,-841837000000.0,-8000000.0,71520230.0,pass
KBC,2023,ending_cash,841304000000.0,841305000000.0,-1000000.0,25249950.000000004,pass
KBC,2023,cash_cross_statement,841304000000.0,841304000000.0,0.0,8413040.0,pass
KBC,2024,assets_equation,44729900000000.0,44729900000000.0,0.0,447299000.00000006,pass
KBC,2024,net_sales,2775770000000.0,2775770000000.0,0.0,27757700.000000004,pass
KBC,2024,gross_profit,1283470000000.0,1283460000000.0,10000000.0,42680800.0,pass
KBC,2024,profit_after_tax,423033000000.0,423034000000.0,-1000000.0,10220200.0,pass
KBC,2024,net_cash_increase,5724730000000.0,5724720000000.0,10000000.0,94737200.00000001,pass
KBC,2024,ending_cash,6566040000000.0,6566034000000.0,6000000.0,65660400.00000001,pass
KBC,2024,cash_cross_statement,6566040000000.0,6566040000000.0,0.0,65660400.00000001,pass
KBC,2025,assets_equation,69581200000000.0,69581100000000.0,100000000.0,695812000.0,pass
KBC,2025,net_sales,6687130000000.0,6687130000000.0,0.0,66871300.00000001,pass
KBC,2025,gross_profit,3189630000000.0,3189630000000.0,0.0,101846300.00000001,pass
KBC,2025,profit_after_tax,2208140000000.0,2208138000000.0,2000000.0,36505420.0,pass
KBC,2025,net_cash_increase,1802500000000.0,1802500000000.0,0.0,436405000.00000006,pass
KBC,2025,ending_cash,8368530000000.0,8368540000000.0,-10000000.0,83685400.0,pass
KBC,2025,cash_cross_statement,8368530000000.0,8368530000000.0,0.0,83685300.0,pass
MSN,2022,assets_equation,141343000000000.0,141342700000000.0,300000000.0,1413430000.0,pass
MSN,2022,net_sales,76189200000000.0,76189275000000.0,-75000000.0,765723250.0000001,pass
MSN,2022,gross_profit,21035000000000.0,21035000000000.0,0.0,1313434000.0,pass
MSN,2022,profit_after_tax,4754380000000.0,4754384000000.0,-4000000.0,55399160.00000001,pass
MSN,2022,net_cash_increase,-8439940000000.0,-8439950000000.0,10000000.0,520323500.00000006,pass
MSN,2022,ending_cash,13853100000000.0,13853077000000.0,23000000.0,307565230.0,pass
MSN,2022,cash_cross_statement,13853100000000.0,13853100000000.0,0.0,138531000.0,pass
MSN,2023,assets_equation,147383000000000.0,147383200000000.0,-200000000.0,1473832000.0000002,pass
MSN,2023,net_sales,78251600000000.0,78251620000000.0,-20000000.0,787823800.0000001,pass
MSN,2023,gross_profit,22121100000000.0,22121100000000.0,0.0,1343821000.0,pass
MSN,2023,profit_after_tax,1869930000000.0,1869923000000.0,7000000.0,32560170.000000004,pass
MSN,2023,net_cash_increase,-3777000000000.0,-3776999000000.0,-1000000.0,118703410.00000001,pass
MSN,2023,ending_cash,10124500000000.0,10124515000000.0,-15000000.0,176785150.0,pass
MSN,2023,cash_cross_statement,10124500000000.0,10124500000000.0,0.0,101245000.00000001,pass
MSN,2024,assets_equation,147585000000000.0,147584400000000.0,600000000.0,1475850000.0000002,pass
MSN,2024,net_sales,83177700000000.0,83177674000000.0,26000000.0,837351260.0000001,pass
MSN,2024,gross_profit,24655700000000.0,24655700000000.0,0.0,1416997000.0,pass
MSN,2024,profit_after_tax,4272380000000.0,4272380000000.0,0.0,77772200.0,pass
MSN,2024,net_cash_increase,8503480000000.0,8503510000000.0,-30000000.0,298905100.0,pass
MSN,2024,ending_cash,18617900000000.0,18617853000000.0,47000000.0,186381070.00000003,pass
MSN,2024,cash_cross_statement,18617900000000.0,18617900000000.0,0.0,186179000.00000003,pass
MSN,2025,assets_equation,128963000000000.0,128963100000000.0,-100000000.0,1289631000.0,pass
MSN,2025,net_sales,81621300000000.0,81621352000000.0,-52000000.0,822340480.0000001,pass
MSN,2025,gross_profit,25580600000000.0,25580600000000.0,0.0,1376620000.0,pass
MSN,2025,profit_after_tax,6763510000000.0,6763510000000.0,0.0,90126700.0,pass
MSN,2025,net_cash_increase,-6515360000000.0,-6515330000000.0,-30000000.0,430522700.00000006,pass
MSN,2025,ending_cash,12101900000000.0,12101886000000.0,14000000.0,251339140.00000003,pass
MSN,2025,cash_cross_statement,12101900000000.0,12101900000000.0,0.0,121019000.00000001,pass
MWG,2022,assets_equation,55834100000000.0,55834100000000.0,0.0,558341000.0,pass
MWG,2022,net_sales,133405000000000.0,133404530000000.0,470000000.0,1360394700.0,pass
MWG,2022,gross_profit,30862000000000.0,30862000000000.0,0.0,2359480000.0,pass
MWG,2022,profit_after_tax,4101710000000.0,4101720000000.0,-10000000.0,80110000.0,pass
MWG,2022,net_cash_increase,919067000000.0,919070000000.0,-3000000.0,181317500.0,pass
MWG,2022,ending_cash,5061020000000.0,5061025080824.0,-5080824.0,50611489.19176,pass
MWG,2022,cash_cross_statement,5061020000000.0,5061020000000.0,0.0,50610200.00000001,pass
MWG,2023,assets_equation,60111200000000.0,60111300000000.0,-100000000.0,601113000.0,pass
MWG,2023,net_sales,118280000000000.0,118279604000000.0,396000000.0,1201883960.0,pass
MWG,2023,gross_profit,22520600000000.0,22520800000000.0,-200000000.0,2140392000.0000002,pass
MWG,2023,profit_after_tax,167829000000.0,167829000000.0,0.0,12115550.000000002,pass
MWG,2023,net_cash_increase,304316000000.0,304310000000.0,6000000.0,219669100.00000003,pass
MWG,2023,ending_cash,5365700000000.0,5365704727797.0,-4727797.0,53657047.27797,pass
MWG,2023,cash_cross_statement,5365700000000.0,5365700000000.0,0.0,53657000.00000001,pass
MWG,2024,assets_equation,70437800000000.0,70437800000000.0,0.0,704378000.0,pass
MWG,2024,net_sales,134341000000000.0,134341052000000.0,-52000000.0,1361089480.0,pass
MWG,2024,gross_profit,27499200000000.0,27499000000000.0,200000000.0,2411830000.0,pass
MWG,2024,profit_after_tax,3733290000000.0,3733290000000.0,0.0,59182300.00000001,pass
MWG,2024,net_cash_increase,-468477000000.0,-468490000000.0,13000000.0,230181100.00000003,pass
MWG,2024,ending_cash,4897330000000.0,4897327133542.0,2866458.0,58342811.335420005,pass
MWG,2024,cash_cross_statement,4897330000000.0,4897330000000.0,0.0,48973300.00000001,pass
MWG,2025,assets_equation,83945600000000.0,83945600000000.0,0.0,839456000.0000001,pass
MWG,2025,net_sales,155928000000000.0,155928031000000.0,-31000000.0,1577439690.0000002,pass
MWG,2025,gross_profit,31001900000000.0,31002000000000.0,-100000000.0,2808540000.0,pass
MWG,2025,profit_after_tax,7072620000000.0,7072630000000.0,-10000000.0,101935100.00000001,pass
MWG,2025,net_cash_increase,102537000000.0,102532000000.0,5000000.0,134240920.0,pass
MWG,2025,ending_cash,4999930000000.0,4999924131972.0,5868028.0,49999300.00000001,pass
MWG,2025,cash_cross_statement,4999930000000.0,4999930000000.0,0.0,49999300.00000001,pass
NVL,2022,assets_equation,257735000000000.0,257734700000000.0,300000000.0,2577350000.0,pass
NVL,2022,net_sales,11134200000000.0,11134201591029.0,-1591029.0,111671984.08971001,pass
NVL,2022,gross_profit,4251490000000.0,4251460000000.0,30000000.0,180169400.0,pass
NVL,2022,profit_after_tax,2181530000000.0,2181530000000.0,0.0,57826100.00000001,pass
NVL,2022,net_cash_increase,-8648940000000.0,-8648950000000.0,10000000.0,133751900.00000001,pass
NVL,2022,ending_cash,8600170000000.0,8600215837258.0,-45837258.0,258981841.62742,pass
NVL,2022,cash_cross_statement,8600170000000.0,8600170000000.0,0.0,86001700.0,pass
NVL,2023,assets_equation,241486000000000.0,241486900000000.0,-900000000.0,2414869000.0,pass
NVL,2023,net_sales,4756900000000.0,4756901883539.0,-1883539.0,47829981.164610006,pass
NVL,2023,gross_profit,1322210000000.0,1322210000000.0,0.0,81915900.0,pass
NVL,2023,profit_after_tax,485865000000.0,485860000000.0,5000000.0,35119000.0,pass
NVL,2023,net_cash_increase,-5187650000000.0,-5187650000000.0,0.0,194847700.00000003,pass
NVL,2023,ending_cash,3412520000000.0,3412522770590.0,-2770590.0,137878227.7059,pass
NVL,2023,cash_cross_statement,3412520000000.0,3412520000000.0,0.0,34125200.0,pass
NVL,2024,assets_equation,237778000000000.0,237778000000000.0,0.0,2377780000.0,pass
NVL,2024,net_sales,9073380000000.0,9073375871745.0,4128255.0,90858641.28255,pass
NVL,2024,gross_profit,83574055810.0,83580000000.0,-5944190.0,180631800.0,pass
NVL,2024,profit_after_tax,-4394640000000.0,-4394640000000.0,0.0,43946400.0,pass
NVL,2024,net_cash_increase,1195080000000.0,1195070000000.0,10000000.0,131374300.00000001,pass
NVL,2024,ending_cash,4607600000000.0,4607597243979.0,2756021.0,46076027.560210004,pass
NVL,2024,cash_cross_statement,4607600000000.0,4607600000000.0,0.0,46076000.00000001,pass
NVL,2025,assets_equation,249908000000000.0,249908000000000.0,0.0,2499080000.0,pass
NVL,2025,net_sales,6965750000000.0,6965752474912.0,-2474912.0,69669675.25088,pass
NVL,2025,gross_profit,4425220000000.0,4425220000000.0,0.0,95062800.00000001,pass
NVL,2025,profit_after_tax,1861410000000.0,1861410000000.0,0.0,41929300.0,pass
NVL,2025,net_cash_increase,-212127000000.0,-212123000000.0,-4000000.0,120786570.00000001,pass
NVL,2025,ending_cash,4395470000000.0,4395469351594.0,648406.0,48197306.484060004,pass
NVL,2025,cash_cross_statement,4395470000000.0,4395470000000.0,0.0,43954700.0,pass
PDR,2022,assets_equation,22843300000000.0,22843330000000.0,-30000000.0,228433300.00000003,pass
PDR,2022,net_sales,1504570000000.0,1504570000000.0,0.0,15045700.000000002,pass
PDR,2022,gross_profit,1277270000000.0,1277267000000.0,3000000.0,17318730.0,pass
PDR,2022,profit_after_tax,1160630000000.0,1160631000000.0,-1000000.0,18041290.0,pass
PDR,2022,net_cash_increase,-232268000000.0,-232266000000.0,-2000000.0,73252340.0,pass
PDR,2022,ending_cash,261762000000.0,261762000000.0,0.0,7262980.000000001,pass
PDR,2022,cash_cross_statement,261762000000.0,261762000000.0,0.0,2617620.0,pass
PDR,2023,assets_equation,21067800000000.0,21067790000000.0,10000000.0,210678000.00000003,pass
PDR,2023,net_sales,617515000000.0,617515000000.0,0.0,6175150.000000001,pass
PDR,2023,gross_profit,543699000000.0,543698719560.0,280440.0,6913312.804400001,pass
PDR,2023,profit_after_tax,682502000000.0,682502000000.0,0.0,10962180.0,pass
PDR,2023,net_cash_increase,243344000000.0,243344000000.0,0.0,15870960.000000002,pass
PDR,2023,ending_cash,505107000000.0,505106000000.0,1000000.0,5051070.0,pass
PDR,2023,cash_cross_statement,505107000000.0,505107000000.0,0.0,5051070.0,pass
PDR,2024,assets_equation,23985600000000.0,23985500000000.0,100000000.0,239856000.00000003,pass
PDR,2024,net_sales,821691000000.0,821691000000.0,0.0,8216910.000000001,pass
PDR,2024,gross_profit,398898000000.0,398898000000.0,0.0,12444840.000000002,pass
PDR,2024,profit_after_tax,155184000000.0,155184000000.0,0.0,3682300.0000000005,pass
PDR,2024,net_cash_increase,-161431000000.0,-161431000000.0,0.0,90709690.0,pass
PDR,2024,ending_cash,343676000000.0,343676000000.0,0.0,6665380.000000001,pass
PDR,2024,cash_cross_statement,343676000000.0,343676000000.0,0.0,3436760.0000000005,pass
PDR,2025,assets_equation,27270200000000.0,27270200000000.0,0.0,272702000.0,pass
PDR,2025,net_sales,1324970000000.0,1324970000000.0,0.0,13249700.000000002,pass
PDR,2025,gross_profit,720187000000.0,720182000000.0,5000000.0,19297580.0,pass
PDR,2025,profit_after_tax,514688000000.0,514688000000.0,0.0,7873840.000000001,pass
PDR,2025,net_cash_increase,32248045932.0,32240000000.0,8045932.0,59830800.00000001,pass
PDR,2025,ending_cash,375924000000.0,375924045932.0,-45932.0,5000000.0,pass
PDR,2025,cash_cross_statement,375924000000.0,375924000000.0,0.0,3759240.0000000005,pass
POM,2022,assets_equation,11031600000000.0,11031620000000.0,-20000000.0,110316200.00000001,pass
POM,2022,net_sales,13017400000000.0,13017365496266.0,34503734.0,130654345.03734002,pass
POM,2022,gross_profit,-424074000000.0,-424000000000.0,-74000000.0,264588000.00000003,pass
POM,2022,profit_after_tax,-1079870000000.0,-1079871927907.0,1927907.0,10798719.279070001,pass
POM,2022,net_cash_increase,-219441000000.0,-219446435259.0,5435259.0,46203135.647410005,pass
POM,2022,ending_cash,206283000000.0,206282742544.0,257456.0,6451647.42544,pass
POM,2022,cash_cross_statement,206283000000.0,206283000000.0,0.0,2062830.0000000002,pass
POM,2023,assets_equation,10064000000000.0,10063980000000.0,20000000.0,100640000.00000001,pass
POM,2023,net_sales,3068140000000.0,3068132310800.0,7689200.0,30734876.892,pass
POM,2023,gross_profit,-285385000000.0,-285380000000.0,-5000000.0,64216600.00000001,pass
POM,2023,profit_after_tax,-1394850000000.0,-1394851402747.0,1402747.0,13948514.027470002,pass
POM,2023,net_cash_increase,-198186000000.0,-198186573787.0,573787.0,5000000.0,pass
POM,2023,ending_cash,8125792793.0,8125921635.0,-128842.0,5000000.0,pass
POM,2023,cash_cross_statement,8125792793.0,8125792793.0,0.0,1000000.0,pass
POM,2024,assets_equation,9870330000000.0,9870325000000.0,5000000.0,98703300.00000001,pass
POM,2024,net_sales,2377860000000.0,2377860000000.0,0.0,23778600.000000004,pass
POM,2024,gross_profit,-26323481833.0,-26320000000.0,-3481833.0,47820400.00000001,pass
POM,2024,profit_after_tax,-1010750000000.0,-1010743547895.0,-6452105.0,10112964.52105,pass
POM,2024,net_cash_increase,50610450769.0,50610545382.0,-94613.0,5000000.0,pass
POM,2024,ending_cash,58765361462.0,58765361462.0,0.0,5000000.0,pass
POM,2024,cash_cross_statement,58765361462.0,58765361462.0,0.0,1000000.0,pass
POM,2025,assets_equation,8859900000000.0,8859898000000.0,2000000.0,101213820.00000001,pass
POM,2025,net_sales,2206460000000.0,2206460000000.0,0.0,22064600.0,pass
POM,2025,gross_profit,132919000000.0,132920000000.0,-1000000.0,42800000.0,pass
POM,2025,profit_after_tax,-836447000000.0,-836447576050.0,576050.0,8392424.239500001,pass
POM,2025,net_cash_increase,-32896162571.0,-32896116354.0,-46217.0,5000000.0,pass
POM,2025,ending_cash,25872959800.0,25872959800.0,0.0,5000000.0,pass
POM,2025,cash_cross_statement,25872959800.0,25872959800.0,0.0,1000000.0,pass
REE,2022,assets_equation,33914600000000.0,33914600000000.0,0.0,339146000.0,pass
REE,2022,net_sales,9371930000000.0,9371927884837.0,2115163.0,93839721.15163001,pass
REE,2022,gross_profit,4329780000000.0,4329790000000.0,-10000000.0,144140700.0,pass
REE,2022,profit_after_tax,3515380000000.0,3515376000000.0,4000000.0,42417440.0,pass
REE,2022,net_cash_increase,-679636000000.0,-679643000000.0,7000000.0,38179030.0,pass
REE,2022,ending_cash,1151270000000.0,1151269924638.0,75362.0,25105419.24638,pass
REE,2022,cash_cross_statement,1151270000000.0,1151270000000.0,0.0,11512700.000000002,pass
REE,2023,assets_equation,34912300000000.0,34912300000000.0,0.0,349123000.0,pass
REE,2023,net_sales,8569920000000.0,8569920501540.0,-501540.0,85887794.98460001,pass
REE,2023,gross_profit,3709940000000.0,3709940000000.0,0.0,134299000.0,pass
REE,2023,profit_after_tax,2786660000000.0,2786655000000.0,5000000.0,33255250.000000004,pass
REE,2023,net_cash_increase,1871530000000.0,1871534000000.0,-4000000.0,50466740.00000001,pass
REE,2023,ending_cash,3022800000000.0,3022795140294.0,4859706.0,30228048.597060002,pass
REE,2023,cash_cross_statement,3022800000000.0,3022800000000.0,0.0,30228000.000000004,pass
REE,2024,assets_equation,36362300000000.0,36362400000000.0,-100000000.0,363624000.0,pass
REE,2024,net_sales,8383670000000.0,8383662425211.0,7574789.0,84055375.74789001,pass
REE,2024,gross_profit,3124100000000.0,3124100000000.0,0.0,136432400.0,pass
REE,2024,profit_after_tax,2396000000000.0,2396004000000.0,-4000000.0,29792160.000000004,pass
REE,2024,net_cash_increase,2613090000000.0,2613093000000.0,-3000000.0,53634130.00000001,pass
REE,2024,ending_cash,5635910000000.0,5635910276766.0,-276766.0,56359102.76766001,pass
REE,2024,cash_cross_statement,5635910000000.0,5635910000000.0,0.0,56359100.00000001,pass
REE,2025,assets_equation,40074900000000.0,40074800000000.0,100000000.0,400749000.00000006,pass
REE,2025,net_sales,10011600000000.0,10011660229722.0,-60229722.0,100395397.70278001,pass
REE,2025,gross_profit,3775200000000.0,3775190000000.0,10000000.0,162480100.0,pass
REE,2025,profit_after_tax,3150400000000.0,3150407000000.0,-7000000.0,38890330.0,pass
REE,2025,net_cash_increase,-2590090000000.0,-2590098000000.0,8000000.0,80118580.0,pass
REE,2025,ending_cash,3045830000000.0,3045833774059.0,-3774059.0,82260137.74059,pass
REE,2025,cash_cross_statement,3045830000000.0,3045830000000.0,0.0,30458300.000000004,pass
SAB,2022,assets_equation,34465100000000.0,34465030000000.0,70000000.0,344651000.0,pass
SAB,2022,net_sales,34979100000000.0,34979085000000.0,15000000.0,354927150.0,pass
SAB,2022,gross_profit,10770700000000.0,10770700000000.0,0.0,591875000.0,pass
SAB,2022,profit_after_tax,5499800000000.0,5499800000000.0,0.0,81270400.0,pass
SAB,2022,net_cash_increase,463042000000.0,463040000000.0,2000000.0,82940000.0,pass
SAB,2022,ending_cash,4069460000000.0,4069459964000.0,36000.0,40695240.36000001,pass
SAB,2022,cash_cross_statement,4069460000000.0,4069460000000.0,0.0,40694600.0,pass
SAB,2023,assets_equation,34056600000000.0,34056670000000.0,-70000000.0,340566700.0,pass
SAB,2023,net_sales,30461400000000.0,30461407000000.0,-7000000.0,309521930.0,pass
SAB,2023,gross_profit,9091360000000.0,9091400000000.0,-40000000.0,518314000.00000006,pass
SAB,2023,profit_after_tax,4255050000000.0,4255050000000.0,0.0,64857700.00000001,pass
SAB,2023,net_cash_increase,970623000000.0,970620000000.0,3000000.0,83406800.0,pass
SAB,2023,ending_cash,5039910000000.0,5039904338083.0,5661917.0,50402616.61917,pass
SAB,2023,cash_cross_statement,5039910000000.0,5039910000000.0,0.0,50399100.00000001,pass
SAB,2024,assets_equation,33439400000000.0,33439410000000.0,-10000000.0,334394100.0,pass
SAB,2024,net_sales,31872400000000.0,31872457000000.0,-57000000.0,324561430.0,pass
SAB,2024,gross_profit,9318200000000.0,9318200000000.0,0.0,544266000.0,pass
SAB,2024,profit_after_tax,4494770000000.0,4494770000000.0,0.0,67999500.0,pass
SAB,2024,net_cash_increase,-562056000000.0,-562055614678.0,-385322.0,93248443.85322,pass
SAB,2024,ending_cash,4477500000000.0,4477503910828.0,-3910828.0,56023160.891720004,pass
SAB,2024,cash_cross_statement,4477500000000.0,4477500000000.0,0.0,44775000.0,pass
SAB,2025,assets_equation,32597400000000.0,32597340000000.0,60000000.0,325974000.0,pass
SAB,2025,net_sales,25888200000000.0,25888185000000.0,15000000.0,266098150.00000003,pass
SAB,2025,gross_profit,9300560000000.0,9300600000000.0,-40000000.0,424758000.00000006,pass
SAB,2025,profit_after_tax,4573130000000.0,4573130000000.0,0.0,67308100.0,pass
SAB,2025,net_cash_increase,-460598000000.0,-460600000000.0,2000000.0,131149000.00000001,pass
SAB,2025,ending_cash,4016880000000.0,4016880240556.0,-240556.0,49381197.594440006,pass
SAB,2025,cash_cross_statement,4016880000000.0,4016880000000.0,0.0,40168800.0,pass
TTF,2022,assets_equation,3006070000000.0,3006061000000.0,9000000.0,30060700.000000004,pass
TTF,2022,net_sales,2001280000000.0,2001274473677.0,5526323.0,20275655.263230003,pass
TTF,2022,gross_profit,307587000000.0,307590000000.0,-3000000.0,36949700.0,pass
TTF,2022,profit_after_tax,-1229591052.0,-1229591052.0,0.0,2000000.0,pass
TTF,2022,net_cash_increase,-74976151645.0,-74975600000.0,-551645.0,5809996.000000001,pass
TTF,2022,ending_cash,169628000000.0,169627313095.0,686905.0,5000000.0,pass
TTF,2022,cash_cross_statement,169628000000.0,169628000000.0,0.0,1696280.0000000002,pass
TTF,2023,assets_equation,2850460000000.0,2850460000000.0,0.0,28504600.000000004,pass
TTF,2023,net_sales,1560470000000.0,1560469488481.0,511519.0,15742705.115190001,pass
TTF,2023,gross_profit,253416000000.0,253410000000.0,6000000.0,28675300.000000004,pass
TTF,2023,profit_after_tax,-144247000000.0,-144246663843.0,-336157.0,2000000.0,pass
TTF,2023,net_cash_increase,-26360622087.0,-26360005302.0,-616785.0,8148679.9469800005,pass
TTF,2023,ending_cash,142921000000.0,142921223107.0,-223107.0,5000000.0,pass
TTF,2023,cash_cross_statement,142921000000.0,142921000000.0,0.0,1429210.0000000002,pass
TTF,2024,assets_equation,2792450000000.0,2792451000000.0,-1000000.0,27924510.000000004,pass
TTF,2024,net_sales,1223290000000.0,1223287689107.0,2310893.0,12258723.108930001,pass
TTF,2024,gross_profit,126395000000.0,126390000000.0,5000000.0,23201900.000000004,pass
TTF,2024,profit_after_tax,7325917355.0,7325917355.0,0.0,2000000.0,pass
TTF,2024,net_cash_increase,-38393752913.0,-38393752913.0,0.0,5000000.0,pass
TTF,2024,ending_cash,104821000000.0,104821063054.0,-63054.0,5000000.0,pass
TTF,2024,cash_cross_statement,104821000000.0,104821000000.0,0.0,1048210.0000000001,pass
TTF,2025,assets_equation,2838760000000.0,2838763000000.0,-3000000.0,28387630.000000004,pass
TTF,2025,net_sales,1241880000000.0,1241871940869.0,8059131.0,12502680.591310002,pass
TTF,2025,gross_profit,212165000000.0,212170000000.0,-5000000.0,22715900.0,pass
TTF,2025,profit_after_tax,10521879393.0,10521879393.0,0.0,2000000.0,pass
TTF,2025,net_cash_increase,-46961003321.0,-46961155432.0,152111.0,5000000.0,pass
TTF,2025,ending_cash,57816953118.0,57816872179.0,80939.0,5000000.0,pass
TTF,2025,cash_cross_statement,57816953118.0,57816953118.0,0.0,1000000.0,pass
VJC,2022,assets_equation,68037000000000.0,68037000000000.0,0.0,680370000.0,pass
VJC,2022,net_sales,40141900000000.0,40141900000000.0,0.0,401419000.00000006,pass
VJC,2022,gross_profit,-1993290000000.0,-1993300000000.0,10000000.0,822771000.0000001,pass
VJC,2022,profit_after_tax,-2261970000000.0,-2261976000000.0,6000000.0,30353440.000000004,pass
VJC,2022,net_cash_increase,-31609105146.0,-31610000000.0,894854.0,69912500.0,pass
VJC,2022,ending_cash,1858260000000.0,1858258788963.0,1211037.0,19214769.99255,pass
VJC,2022,cash_cross_statement,1858260000000.0,1858260000000.0,0.0,18582600.0,pass
VJC,2023,assets_equation,86925400000000.0,86925400000000.0,0.0,869254000.0000001,pass
VJC,2023,net_sales,58340600000000.0,58340600000000.0,0.0,583406000.0,pass
VJC,2023,gross_profit,2520750000000.0,2520700000000.0,50000000.0,1141605000.0,pass
VJC,2023,profit_after_tax,231413000000.0,231414000000.0,-1000000.0,9807940.0,pass
VJC,2023,net_cash_increase,3208350000000.0,3208353000000.0,-3000000.0,136150470.0,pass
VJC,2023,ending_cash,5050740000000.0,5050739372072.0,627928.0,50824806.27928001,pass
VJC,2023,cash_cross_statement,5050740000000.0,5050740000000.0,0.0,50507400.00000001,pass
VJC,2024,assets_equation,99315300000000.0,99315200000000.0,100000000.0,993153000.0000001,pass
VJC,2024,net_sales,72045300000000.0,72045300000000.0,0.0,720453000.0,pass
VJC,2024,gross_profit,7153300000000.0,7153300000000.0,0.0,1369373000.0,pass
VJC,2024,profit_after_tax,1404000000000.0,1404007000000.0,-7000000.0,22412330.0,pass
VJC,2024,net_cash_increase,-533857000000.0,-533820000000.0,-37000000.0,244628200.00000003,pass
VJC,2024,ending_cash,4558980000000.0,4558980901273.0,-901273.0,56266949.01273,pass
VJC,2024,cash_cross_statement,4558980000000.0,4558980000000.0,0.0,45589800.00000001,pass
VJC,2025,assets_equation,139391000000000.0,139391200000000.0,-200000000.0,1393912000.0,pass
VJC,2025,net_sales,82092900000000.0,82092900000000.0,0.0,820929000.0000001,pass
VJC,2025,gross_profit,8468900000000.0,8468900000000.0,0.0,1557169000.0000002,pass
VJC,2025,profit_after_tax,2123430000000.0,2123430000000.0,0.0,31372300.000000004,pass
VJC,2025,net_cash_increase,6335510000000.0,6335550000000.0,-40000000.0,594437500.0,pass
VJC,2025,ending_cash,10986600000000.0,10986577529436.0,22470564.0,109866000.00000001,pass
VJC,2025,cash_cross_statement,10986600000000.0,10986600000000.0,0.0,109866000.00000001,pass
VNM,2022,assets_equation,48482700000000.0,48482600000000.0,100000000.0,484827000.00000006,pass
VNM,2022,net_sales,59956200000000.0,59956217000000.0,-17000000.0,601931830.0,pass
VNM,2022,gross_profit,23897200000000.0,23897200000000.0,0.0,960152000.0000001,pass
VNM,2022,profit_after_tax,8577580000000.0,8577540000000.0,40000000.0,124134600.00000001,pass
VNM,2022,net_cash_increase,-60244674309.0,-60260000000.0,15325691.0,246603400.00000003,pass
VNM,2022,ending_cash,2299940000000.0,2299941653276.0,-1653276.0,24204310.01894,pass
VNM,2022,cash_cross_statement,2299940000000.0,2299940000000.0,0.0,22999400.000000004,pass
VNM,2023,assets_equation,52673400000000.0,52673300000000.0,100000000.0,526734000.00000006,pass
VNM,2023,net_sales,60368900000000.0,60368903000000.0,-3000000.0,605888970.0,pass
VNM,2023,gross_profit,24544700000000.0,24544700000000.0,0.0,961931000.0000001,pass
VNM,2023,profit_after_tax,9019350000000.0,9019350000000.0,0.0,129164500.00000001,pass
VNM,2023,net_cash_increase,606101000000.0,606100000000.0,1000000.0,151687400.0,pass
VNM,2023,ending_cash,2912030000000.0,2912023441709.0,6558291.0,29120300.000000004,pass
VNM,2023,cash_cross_statement,2912030000000.0,2912030000000.0,0.0,29120300.000000004,pass
VNM,2024,assets_equation,55049100000000.0,55049100000000.0,0.0,550491000.0,pass
VNM,2024,net_sales,61782600000000.0,61782619606565.0,-19606565.0,618651803.93435,pass
VNM,2024,gross_profit,25590200000000.0,25590200000000.0,0.0,979750000.0000001,pass
VNM,2024,profit_after_tax,9452890000000.0,9452940000000.0,-50000000.0,137464600.0,pass
VNM,2024,net_cash_increase,-694415000000.0,-694410000000.0,-5000000.0,200662900.00000003,pass
VNM,2024,ending_cash,2225940000000.0,2225946709575.0,-6709575.0,36147767.095750004,pass
VNM,2024,cash_cross_statement,2225940000000.0,2225940000000.0,0.0,22259400.0,pass
VNM,2025,assets_equation,53312400000000.0,53312400000000.0,0.0,533124000.00000006,pass
VNM,2025,net_sales,63645900000000.0,63645866747653.0,33252347.0,638011332.52347,pass
VNM,2025,gross_profit,26209500000000.0,26209500000000.0,0.0,1010823000.0000001,pass
VNM,2025,profit_after_tax,9413590000000.0,9413600000000.0,-10000000.0,138864000.0,pass
VNM,2025,net_cash_increase,-437688000000.0,-437660000000.0,-28000000.0,217261400.00000003,pass
VNM,2025,ending_cash,1794880000000.0,1794875787937.0,4212063.0,26702517.879370004,pass
VNM,2025,cash_cross_statement,1794880000000.0,1794880000000.0,0.0,17948800.0,pass
